"n_features","r2_full","adj_r2_full","r2_out_of_sample"
1,0.806786858908568,0.806593258566794,0.799522212980936
2,0.80680023221787,0.806412669995638,0.799031352029044
5,0.807168256274246,0.806198277684077,0.797312502160903
10,0.808193800919304,0.806254405579762,0.798232310498514
20,NA,NA,NA
50,NA,NA,NA
100,NA,NA,NA
200,NA,NA,NA
500,NA,NA,NA
1000,NA,NA,NA
