"metric","value"
"n_apartments_end_0",12205
"avg_actual_price",875594.831216714
"avg_predicted_price",859535.948950411
"premium_amount",16058.8822663035
"premium_percentage",1.86832002616216
"t_statistic",5.85267140382629
"p_value",0.00000000496171492502804
