"metric","value"
"n_apartments_end_0",6844
"avg_actual_price",896553.101987142
"avg_predicted_price",871229.164784563
"premium_amount",25323.9372025786
"premium_percentage",2.90669071080061
"t_statistic",6.52978896012285
"p_value",0.0000000000705828524801506
