metric,value
n_apartments_end_0,6844.0
avg_actual_price,896553.101987142
avg_predicted_price,871229.16478457
premium_amount,25323.937202572008
premium_percentage,2.9066907107998263
t_statistic,6.529788960121139
p_value,7.058285248095071e-11
